scenario,phi_deg,power_required_w,feasible,reflector_area_m2,reflector_side_m,pv_area_m2,pv_fill_factor,structure_mass_kg,structure_areal_density_g_m2,system_areal_density_g_m2,sigma_limit_g_m2,margin_g_m2,relative_to_ideal_swarm_same_eta
cross_light,0.5,100.0,True,19.42364040163175,4.40722593040472,0.26815834213786555,0.013805771554303382,1.1997109853575068,61.765506390692906,67.52206267186872,67.52206267186872,0.0,0.013805771554303382
cross_nominal,0.5,100.0,True,31.86742538453899,5.645124036240389,0.26815834213786555,0.00841481038716002,1.9777220899340922,62.06093106265236,67.52206267186872,67.52206267186872,0.0,0.00841481038716002
perimeter_nominal,0.5,100.0,True,41.23888274988842,6.421750754263857,0.26815834213786555,0.006502560793516917,2.5636449346572148,62.165722340384,67.52206267186872,67.52206267186872,0.0,0.006502560793516917
perimeter_heavy,0.5,100.0,True,127.92597767144805,11.310436670237275,0.26815834213786555,0.0020961992788249457,7.983500916185199,62.40719095138912,67.52206267186871,67.52206267186872,1.4210854715202004e-14,0.0020961992788249457
cross_light,0.5,1000.0,True,22.353373934350785,4.727935483310954,2.6815834213786554,0.11996325159925068,1.2506282745596464,55.948076484229794,67.52206267186874,67.52206267186872,-1.4210854715202004e-14,0.11996325159925067
cross_nominal,0.5,1000.0,True,34.65159284412588,5.886560357638905,2.6815834213786554,0.07738701748693887,2.019538287988966,58.281254113584474,67.52206267186874,67.52206267186872,-1.4210854715202004e-14,0.07738701748693887
perimeter_nominal,0.5,1000.0,True,44.25168883949654,6.652194287563806,2.6815834213786554,0.06059844249345862,2.6197560914674862,59.2012680232272,67.52206267186874,67.52206267186872,-1.4210854715202004e-14,0.060598442493458624
perimeter_heavy,0.5,1000.0,True,130.52332043901774,11.42468032108635,2.6815834213786554,0.02054486058398681,8.01363644913712,61.39620431186624,67.52206267186872,67.52206267186872,0.0,0.02054486058398681
cross_light,0.5,10000.0,True,49.33745473067501,7.024062551734218,26.81583421378655,0.5435188004766307,1.6151717218262467,32.737232405749374,67.52206267186874,67.52206267186872,-1.4210854715202004e-14,0.5435188004766307
cross_nominal,0.5,10000.0,True,61.162876035332125,7.820669794546508,26.81583421378655,0.43843317960221123,2.35452145375727,38.495924429667554,67.52206267186872,67.52206267186872,0.0,0.43843317960221123
perimeter_nominal,0.5,10000.0,True,72.70562001565267,8.52675905697192,26.81583421378655,0.3688275295364157,3.076197616300207,42.31031405327315,67.52206267186874,67.52206267186872,-1.4210854715202004e-14,0.3688275295364157
perimeter_heavy,0.5,10000.0,True,156.2061847712519,12.498247267967294,26.81583421378655,0.17166947808792346,8.296825159086216,53.11457527265053,67.52206267186874,67.52206267186872,-1.4210854715202004e-14,0.17166947808792346
cross_light,1.0,100.0,True,61.009896688373075,7.81088322076147,0.26815834213786555,0.004395325294641413,1.7400909055301221,28.5214530753621,33.762316901508456,33.76231690150845,-7.105427357601002e-15,0.004395325294641413
cross_nominal,1.0,100.0,True,93.508067966955,9.669956978547267,0.26815834213786555,0.0028677562050862877,2.674813606564195,28.605163861469716,33.76231690150845,33.76231690150845,0.0,0.0028677562050862877
perimeter_nominal,1.0,100.0,True,132.85681622629684,11.526353119104796,0.26815834213786555,0.002018401085881117,3.8065747736770645,28.651708522002163,33.76231690150845,33.76231690150845,0.0,0.002018401085881117
perimeter_heavy,1.0,100.0,True,344.5959042638304,18.56329454229045,0.26815834213786555,0.0007781820353052063,9.896681524249,28.719672525973724,33.76231690150844,33.76231690150845,7.105427357601002e-15,0.0007781820353052063
cross_light,1.0,1000.0,True,68.01665733119788,8.247221188448743,2.6815834213786554,0.039425392640526996,1.8093658812496711,26.60180538480757,33.76231690150845,33.76231690150845,0.0,0.039425392640526996
cross_nominal,1.0,1000.0,True,100.13406173321742,10.006700841596965,2.6815834213786554,0.026779932572026037,2.7331368447144597,27.294776596561423,33.76231690150845,33.76231690150845,0.0,0.026779932572026037
perimeter_nominal,1.0,1000.0,True,140.06834424698098,11.835047285371571,2.6815834213786554,0.019144821307020297,3.8817393336096946,27.71318069388374,33.76231690150845,33.76231690150845,0.0,0.019144821307020297
perimeter_heavy,1.0,1000.0,True,350.6938649150193,18.726822071964566,2.6815834213786554,0.007646507936568726,9.93981730660903,28.343288266584484,33.76231690150845,33.76231690150845,0.0,0.007646507936568726
cross_light,1.0,10000.0,True,131.8602830054647,11.483043281528843,26.81583421378655,0.20336551388013643,2.3230995316102616,17.617886740876973,33.76231690150845,33.76231690150845,0.0,0.20336551388013643
cross_nominal,1.0,10000.0,True,162.6582307292182,12.75375359371578,26.81583421378655,0.16485998952261838,3.2089198639569503,19.727989475668963,33.76231690150845,33.76231690150845,0.0,0.16485998952261838
perimeter_nominal,1.0,10000.0,True,207.93294137631716,14.419880074963077,26.81583421378655,0.12896385746429298,4.511125439212909,21.695097512465193,33.76231690150845,33.76231690150845,0.0,0.12896385746429298
perimeter_heavy,1.0,10000.0,True,410.81595051554024,20.268595178638805,26.81583421378655,0.06527456925695042,10.346510842006879,25.185270506227567,33.76231690150845,33.76231690150845,0.0,0.06527456925695042
cross_light,1.5,100.0,True,134.5849426309794,11.60107506358697,0.26815834213786555,0.0019924839799734,2.3418387875121733,17.400451653297488,22.509639775400032,22.50963977540003,-3.552713678800501e-15,0.0019924839799734
cross_nominal,1.5,100.0,True,196.66839811828658,14.023851044498675,0.26815834213786555,0.0013635049896353008,3.4288977291070037,17.434919701968013,22.50963977540003,22.50963977540003,0.0,0.0013635049896353008
perimeter_nominal,1.5,100.0,True,298.01396657713207,17.263081027937396,0.26815834213786555,0.0008998180361069109,5.203422125654532,17.46032974702137,22.50963977540003,22.50963977540003,0.0,0.0008998180361069109
perimeter_heavy,1.5,100.0,True,678.9364614583753,26.05640922035067,0.26815834213786555,0.0003949682442475598,11.87323779337176,17.48799551561526,22.50963977540003,22.50963977540003,0.0,0.0003949682442475598
cross_light,1.5,1000.0,True,146.81304105031785,12.116643142814674,2.6815834213786554,0.018265294432935186,2.4236926916305324,16.50870164047518,22.509639775400025,22.50963977540003,3.552713678800501e-15,0.018265294432935186
cross_nominal,1.5,1000.0,True,208.246583537995,14.43075131578377,2.6815834213786554,0.01287696237710135,3.499371890716492,16.803982237134875,22.509639775400032,22.50963977540003,-3.552713678800501e-15,0.01287696237710135
perimeter_nominal,1.5,1000.0,True,310.5738270082481,17.623104919628894,2.6815834213786554,0.008634286563070361,5.291085063090279,17.036480871743773,22.509639775400032,22.50963977540003,-3.552713678800501e-15,0.008634286563070361
perimeter_heavy,1.5,1000.0,True,689.5445058608244,26.259179459016316,2.6815834213786554,0.0038889200023876315,11.9267251352377,17.296526959269187,22.50963977540003,22.50963977540003,0.0,0.0038889200023876315
cross_light,1.5,10000.0,True,258.17154203253915,16.067717387125626,26.81583421378655,0.1038682807666182,3.0509829863338047,11.81765798938935,22.50963977540003,22.50963977540003,0.0,0.1038682807666182
cross_nominal,1.5,10000.0,True,317.20938433624246,17.810372942087497,26.81583421378655,0.08453669890598736,4.0847143381885225,12.877028675351921,22.50963977540003,22.50963977540003,0.0,0.08453669890598736
perimeter_nominal,1.5,10000.0,True,429.09932046498665,20.714712657070255,26.81583421378655,0.06249330384566445,6.043866814295351,14.085006724657617,22.50963977540003,22.50963977540003,0.0,0.06249330384566445
perimeter_heavy,1.5,10000.0,True,793.9791554598133,28.17763573225783,26.81583421378655,0.03377397760304781,12.432781286362168,15.65882580275301,22.509639775400032,22.50963977540003,-3.552713678800501e-15,0.03377397760304781
