scenario,phi_deg,power_required_w,feasible,reflector_area_m2,reflector_side_m,pv_area_m2,pv_fill_factor,structure_mass_kg,structure_areal_density_g_m2,system_areal_density_g_m2,sigma_limit_g_m2,margin_g_m2,relative_to_ideal_swarm_same_eta,equivalent_ideal_ring_half_angle_deg
cross_light,0.25,100.0,True,7.243744352474702,2.6914205082957032,0.26815834213786555,0.037019299562422274,0.9273020093839506,128.01418220497436,135.0428398209951,135.0428398209951,0.0,0.037019299562422274,2.121534382286514
cross_nominal,0.25,100.0,True,12.51426412586414,3.537550582799367,0.26815834213786555,0.021428214990575692,1.6126953680482208,128.86857363951157,135.04283982099514,135.0428398209951,-2.842170943040401e-14,0.021428214990575692,1.2278402579270096
perimeter_nominal,0.25,100.0,True,15.071903164450843,3.8822549071964407,0.26815834213786555,0.017791936374057515,1.9452980118630756,129.06784170769677,135.0428398209951,135.0428398209951,0.0,0.017791936374057515,1.0194566537672585
cross_light,0.25,300.0,True,7.5352001558121255,2.7450319043341054,0.8044750264135966,0.10676226374598435,0.9358135954339486,124.19226776771518,135.04283982099514,135.0428398209951,-2.842170943040401e-14,0.10676226374598435,6.128707632113243
cross_nominal,0.25,300.0,True,12.792323377204932,3.576635762445616,0.8044750264135966,0.06288732724245523,1.619464828432767,126.59661428810855,135.0428398209951,135.0428398209951,0.0,0.06288732724245523,3.60555765708763
perimeter_nominal,0.25,300.0,True,15.369264807198523,3.9203653920519352,0.8044750264135966,0.05234310401345962,1.9545776100415098,127.17443772105753,135.0428398209951,135.0428398209951,0.0,0.05234310401345962,3.00041009918698
cross_light,0.25,1000.0,True,8.54337100406151,2.9229045492560153,2.6815834213786554,0.31387884479133976,0.9640534555209549,112.84227912642969,135.0428398209951,135.0428398209951,0.0,0.31387884479133976,18.293143946246307
cross_nominal,0.25,1000.0,True,13.760269773967716,3.7094837611138987,2.6815834213786554,0.19487869536190291,1.642473786618214,119.36348731516284,135.0428398209951,135.0428398209951,0.0,0.19487869536190291,11.237637402131988
perimeter_nominal,0.25,1000.0,True,16.403157028913164,4.050081113868359,2.6815834213786554,0.16347971409722772,1.9861623505780344,121.08415148846704,135.0428398209951,135.0428398209951,0.0,0.16347971409722772,9.40892934793807
cross_light,0.25,3000.0,True,11.347556904510554,3.368613498831612,8.044750264135965,0.708941169613192,1.0348162104182426,91.1928637261922,135.0428398209951,135.0428398209951,0.0,0.708941169613192,45.14883115345523
cross_nominal,0.25,3000.0,True,16.487836121113375,4.060521656279323,8.044750264135965,0.4879203192609563,1.703272717218113,103.30480632549471,135.0428398209951,135.0428398209951,0.0,0.4879203192609563,29.203981611388535
perimeter_nominal,0.25,3000.0,True,19.307122294953228,4.393987061309264,8.044750264135965,0.41667267349514936,2.069900697532315,107.20917731346091,135.04283982099508,135.0428398209951,2.842170943040401e-14,0.41667267349514936,24.62469694839566
cross_light,0.25,10000.0,True,20.699607004531032,4.549682077302878,26.81583421378655,1.2954755231786146,1.2223279631322745,59.05078115080705,135.04283982099508,135.0428398209951,2.842170943040401e-14,1.0,90.0
cross_nominal,0.25,10000.0,True,25.74811076230278,5.074259627009913,26.81583421378655,1.0414680308524618,1.878849728639878,72.97039173028021,135.0428398209951,135.0428398209951,0.0,1.0,90.0
perimeter_nominal,0.25,10000.0,True,29.08850346322075,5.393375887440143,26.81583421378655,0.9218705337554495,2.313243881584575,79.52433457119649,135.04283982099514,135.0428398209951,-2.842170943040401e-14,0.9218705337554496,67.20109150859766
cross_light,0.25,30000.0,True,46.02827172633263,6.784413882299091,80.44750264135966,1.747784559882484,1.5771240225982042,34.26424593943501,135.04283982099508,135.0428398209951,2.842170943040401e-14,1.0,90.0
cross_nominal,0.25,30000.0,True,51.112079477044134,7.149271254963273,80.44750264135966,1.5739430573841333,2.238236819604713,43.79076027634462,135.04283982099514,135.0428398209951,-2.842170943040401e-14,1.0,90.0
perimeter_nominal,0.25,30000.0,True,55.5450298850212,7.452853808107415,80.44750264135966,1.448329451039757,2.8147102794436902,50.67438590401644,135.0428398209951,135.0428398209951,0.0,1.0,90.0
cross_light,0.25,100000.0,True,130.80998119085234,11.437219119648462,268.15834213786553,2.049983798611066,2.315824281834365,17.703727657108725,135.0428398209951,135.0428398209951,0.0,1.0,90.0
cross_nominal,0.25,100000.0,True,136.2370325733294,11.672062053181923,268.15834213786553,1.9683219538236028,3.021573455466139,22.178796751461693,135.0428398209951,135.0428398209951,0.0,1.0,90.0
perimeter_nominal,0.25,100000.0,True,143.08920045112083,11.961989819888698,268.15834213786553,1.874064159226805,3.912648825224339,27.344123895366213,135.0428398209951,135.0428398209951,0.0,1.0,90.0
cross_light,0.5,100.0,True,19.42364040163175,4.40722593040472,0.26815834213786555,0.013805771554303382,1.1997109853575068,61.765506390692906,67.52206267186872,67.52206267186872,0.0,0.013805771554303382,0.7910375728788334
cross_nominal,0.5,100.0,True,31.86742538453899,5.645124036240389,0.26815834213786555,0.00841481038716002,1.9777220899340922,62.06093106265236,67.52206267186872,67.52206267186872,0.0,0.00841481038716002,0.48213881066516906
perimeter_nominal,0.5,100.0,True,41.23888274988842,6.421750754263857,0.26815834213786555,0.006502560793516917,2.5636449346572148,62.165722340384,67.52206267186872,67.52206267186872,0.0,0.006502560793516917,0.37257191512203053
cross_light,0.5,300.0,True,20.081723397536916,4.48126359384682,0.8044750264135966,0.040060059113864094,1.2114655373724705,60.32677143242898,67.52206267186872,67.52206267186872,0.0,0.040060059113864094,2.2958866700619436
cross_nominal,0.5,300.0,True,32.48936385805232,5.699944197801617,0.8044750264135966,0.02476118122621264,1.9872168118548288,61.16514994067227,67.52206267186871,67.52206267186872,1.4210854715202004e-14,0.02476118122621264,1.4188561924766525
perimeter_nominal,0.5,300.0,True,41.912343948705185,6.473974354961965,0.8044750264135966,0.019194226583895208,2.5763609636383986,61.47021905507127,67.52206267186874,67.52206267186872,-1.4210854715202004e-14,0.019194226583895208,1.0998157133711834
cross_light,0.5,1000.0,True,22.353373934350785,4.727935483310954,2.6815834213786554,0.11996325159925068,1.2506282745596464,55.948076484229794,67.52206267186874,67.52206267186872,-1.4210854715202004e-14,0.11996325159925067,6.889981730304494
cross_nominal,0.5,1000.0,True,34.65159284412588,5.886560357638905,2.6815834213786554,0.07738701748693887,2.019538287988966,58.281254113584474,67.52206267186874,67.52206267186872,-1.4210854715202004e-14,0.07738701748693887,4.438387096797732
perimeter_nominal,0.5,1000.0,True,44.25168883949654,6.652194287563806,2.6815834213786554,0.06059844249345862,2.6197560914674862,59.2012680232272,67.52206267186874,67.52206267186872,-1.4210854715202004e-14,0.060598442493458624,3.4741635036318255
cross_light,0.5,3000.0,True,28.637275920238288,5.351380748950525,8.044750264135965,0.28091883762067776,1.3496092453620845,47.127710370255585,67.52206267186872,67.52206267186872,0.0,0.28091883762067776,16.315051454247868
cross_nominal,0.5,3000.0,True,40.723401570557236,6.3814889775472645,8.044750264135965,0.19754612713767675,2.105258750731406,51.69653490472404,67.52206267186872,67.52206267186872,0.0,0.19754612713767675,11.393499781837576
perimeter_nominal,0.5,3000.0,True,50.804385954404765,7.127719547962361,8.044750264135965,0.15834755431068215,2.735542688172451,53.844616695643346,67.52206267186874,67.52206267186872,-1.4210854715202004e-14,0.15834755431068215,9.110995365314096
cross_light,0.5,10000.0,True,49.33745473067501,7.024062551734218,26.81583421378655,0.5435188004766307,1.6151717218262467,32.737232405749374,67.52206267186874,67.52206267186872,-1.4210854715202004e-14,0.5435188004766307,32.92350164792422
cross_nominal,0.5,10000.0,True,61.162876035332125,7.820669794546508,26.81583421378655,0.43843317960221123,2.35452145375727,38.495924429667554,67.52206267186872,67.52206267186872,0.0,0.43843317960221123,26.003954496833668
perimeter_nominal,0.5,10000.0,True,72.70562001565267,8.52675905697192,26.81583421378655,0.3688275295364157,3.076197616300207,42.31031405327315,67.52206267186874,67.52206267186872,-1.4210854715202004e-14,0.3688275295364157,21.64332615580146
cross_light,0.5,30000.0,True,104.46240495060395,10.220685150742291,80.44750264135966,0.7701096167506389,2.122681884429282,20.320055673933723,67.52206267186872,67.52206267186872,0.0,0.7701096167506389,50.36373336147704
cross_nominal,0.5,30000.0,True,116.39199962525132,10.788512391671583,80.44750264135966,0.6911772535945548,2.868544750327575,24.645549174887122,67.52206267186872,67.52206267186872,0.0,0.6911772535945548,43.72337108343247
perimeter_nominal,0.5,30000.0,True,131.09686920980621,11.449754111325108,80.44750264135966,0.6136493047184233,3.787923528074773,28.894080773299134,67.52206267186871,67.52206267186872,1.4210854715202004e-14,0.6136493047184233,37.85384179599584
cross_light,0.5,100000.0,True,285.9778379076466,16.910879276597257,268.15834213786553,0.9376892422847967,3.1848471552723634,11.136692194661865,67.52206267186872,67.52206267186872,0.0,0.9376892422847967,69.66704679865514
cross_nominal,0.5,100000.0,True,298.9277972353727,17.289528542888977,268.15834213786553,0.8970672671391627,3.9945053239586077,13.362776432642613,67.52206267186871,67.52206267186872,1.4210854715202004e-14,0.8970672671391627,63.775210843969035
perimeter_nominal,0.5,100000.0,True,320.7848900631589,17.91046872818126,268.15834213786553,0.8359444301914226,5.361055851562312,16.71230789737877,67.52206267186872,67.52206267186872,0.0,0.8359444301914226,56.7143071615533
cross_light,0.75,100.0,True,36.994479486760696,6.082308729977515,0.26815834213786555,0.007248604274425108,1.4656546548568508,39.61819912566598,45.01542263990448,45.015422639904486,7.105427357601002e-15,0.007248604274425109,0.4153180692977937
cross_nominal,0.75,100.0,True,58.44771725048259,7.645110676143452,0.26815834213786555,0.004588003685219228,2.324115030966542,39.764000037954474,45.015422639904486,45.015422639904486,0.0,0.004588003685219228,0.2628741697995084
perimeter_nominal,0.75,100.0,True,79.67108190824337,8.925865891231133,0.26815834213786555,0.0033658177561427076,3.173376937587651,39.83097582686786,45.01542263990448,45.015422639904486,7.105427357601002e-15,0.0033658177561427076,0.1928475161578857
cross_light,0.75,300.0,True,38.08065014951776,6.170952126659042,0.8044750264135966,0.0211255591292415,1.47972807868783,38.85774199962205,45.015422639904486,45.015422639904486,0.0,0.0211255591292415,1.21049542786327
cross_nominal,0.75,300.0,True,59.47043883999354,7.711707906812443,0.8044750264135966,0.013527309401197686,2.3356495133154676,39.27412608471885,45.01542263990449,45.015422639904486,-7.105427357601002e-15,0.013527309401197686,0.7750813765266494
perimeter_nominal,0.75,300.0,True,80.78337568424361,8.987957258701423,0.8044750264135966,0.009958422999776987,3.1884956888357263,39.46970105951671,45.015422639904486,45.015422639904486,0.0,0.009958422999776987,0.5705850395959022
cross_light,0.75,1000.0,True,41.82757453208652,6.467424103310878,2.6815834213786554,0.06411042120842017,1.526797301411997,36.50217155768306,45.015422639904486,45.015422639904486,0.0,0.06411042120842017,3.6757774936643486
cross_nominal,0.75,1000.0,True,63.02379902729725,7.938752989437148,2.6815834213786554,0.04254874289976064,2.3749731829581506,37.683751528997604,45.015422639904486,45.015422639904486,0.0,0.04254874289976064,2.438599574481307
perimeter_nominal,0.75,1000.0,True,84.6464146293806,9.200348614556983,2.6815834213786554,0.031679822862194604,3.2402112848557088,38.27936834705622,45.015422639904486,45.015422639904486,0.0,0.031679822862194604,1.8154238954042843
cross_light,0.75,3000.0,True,52.16947072684898,7.222843673155953,8.044750264135965,0.15420417635166347,1.6467311055603362,31.565033775833328,45.015422639904486,45.015422639904486,0.0,0.15420417635166347,8.870644018702032
cross_nominal,0.75,3000.0,True,72.98419102423924,8.543078544894646,8.044750264135965,0.11022592908461741,2.4796409353918056,33.97504172606745,45.015422639904486,45.015422639904486,0.0,0.11022592908461741,6.32833955020643
perimeter_nominal,0.75,3000.0,True,95.45946949807909,9.770336201895976,8.044750264135965,0.08427398880839002,3.378998702472055,35.397208053204714,45.015422639904486,45.015422639904486,0.0,0.08427398880839002,4.834277696486405
cross_light,0.75,10000.0,True,86.0159810220594,9.274480094434372,26.81583421378655,0.3117540937760094,1.9724581194682076,22.931298300979172,45.01542263990448,45.015422639904486,7.105427357601002e-15,0.3117540937760094,18.1649721654184
cross_nominal,0.75,10000.0,True,106.34961199496047,10.312594823562131,26.81583421378655,0.252147927112863,2.7861169566526964,26.1977162341196,45.015422639904486,45.015422639904486,0.0,0.252147927112863,14.604651926821495
perimeter_nominal,0.75,10000.0,True,131.48933250572222,11.466879806892642,26.81583421378655,0.20393923752422705,3.792093497939903,28.839552423576848,45.015422639904486,45.015422639904486,0.0,0.20393923752422705,11.76741007304646
cross_light,0.75,30000.0,True,175.17876751494836,13.235511607601286,80.44750264135966,0.45923089757150454,2.601329274901721,14.849569452986042,45.015422639904486,45.015422639904486,0.0,0.45923089757150454,27.337489857196477
cross_nominal,0.75,30000.0,True,195.7122784200159,13.989720455392092,80.44750264135966,0.41104984976319264,3.422986392049086,17.489890872881535,45.01542263990449,45.015422639904486,-7.105427357601002e-15,0.41104984976319264,24.27080179932427
perimeter_nominal,0.75,30000.0,True,226.7995523911354,15.059865616636007,80.44750264135966,0.35470750181473465,4.666956798725934,20.57745154045703,45.015422639904486,45.015422639904486,0.0,0.35470750181473465,20.775518912115743
cross_light,0.75,100000.0,True,465.3159694879145,21.571183775767025,268.15834213786553,0.5762930131819392,3.9247380310007727,8.434565517534228,45.015422639904486,45.015422639904486,0.0,0.5762930131819392,35.19023307435935
cross_nominal,0.75,100000.0,True,487.8230096422587,22.08671568256038,268.15834213786553,0.5497041690069466,4.825366755150152,9.89163417832381,45.01542263990448,45.015422639904486,7.105427357601002e-15,0.5497041690069466,33.34672009510924
perimeter_nominal,0.75,100000.0,True,532.6634031097389,23.07950179509382,268.15834213786553,0.503429258650645,6.619674051090984,12.42749926584914,45.015422639904486,45.015422639904486,0.0,0.503429258650645,30.227138457671746
cross_light,1.0,100.0,True,61.009896688373075,7.81088322076147,0.26815834213786555,0.004395325294641413,1.7400909055301221,28.5214530753621,33.762316901508456,33.76231690150845,-7.105427357601002e-15,0.004395325294641413,0.2518343998344314
cross_nominal,1.0,100.0,True,93.508067966955,9.669956978547267,0.26815834213786555,0.0028677562050862877,2.674813606564195,28.605163861469716,33.76231690150845,33.76231690150845,0.0,0.0028677562050862877,0.1643105524401221
perimeter_nominal,1.0,100.0,True,132.85681622629684,11.526353119104796,0.26815834213786555,0.002018401085881117,3.8065747736770645,28.651708522002163,33.76231690150845,33.76231690150845,0.0,0.002018401085881117,0.11564594210819601
cross_light,1.0,300.0,True,62.584591539619794,7.911042380092511,0.8044750264135966,0.012854202713847157,1.755992623566544,28.057906592789625,33.76231690150844,33.76231690150845,7.105427357601002e-15,0.012854202713847157,0.7365118478321675
cross_nominal,1.0,300.0,True,94.98927324123959,9.74624405816105,0.8044750264135966,0.008469114448012576,2.6880263477610447,28.29820942975736,33.76231690150845,33.76231690150845,0.0,0.008469114448012576,0.48525031503817023
perimeter_nominal,1.0,300.0,True,134.46884680361083,11.596070317293304,0.8044750264135966,0.005982612668557476,3.8235503536983813,28.434469727271498,33.762316901508456,33.76231690150845,-7.105427357601002e-15,0.005982612668557476,0.3427805011707808
cross_light,1.0,1000.0,True,68.01665733119788,8.247221188448743,2.6815834213786554,0.039425392640526996,1.8093658812496711,26.60180538480757,33.76231690150845,33.76231690150845,0.0,0.039425392640526996,2.2594942071080637
cross_nominal,1.0,1000.0,True,100.13406173321742,10.006700841596965,2.6815834213786554,0.026779932572026037,2.7331368447144597,27.294776596561423,33.76231690150845,33.76231690150845,0.0,0.026779932572026037,1.5345605714411568
perimeter_nominal,1.0,1000.0,True,140.06834424698098,11.835047285371571,2.6815834213786554,0.019144821307020297,3.8817393336096946,27.71318069388374,33.76231690150845,33.76231690150845,0.0,0.019144821307020297,1.096984479274775
cross_light,1.0,3000.0,True,82.99966928364015,9.110415428707965,8.044750264135965,0.09692508817889525,1.9464104761818035,23.450822069304987,33.76231690150845,33.76231690150845,0.0,0.09692508817889525,5.562130655988334
cross_nominal,1.0,3000.0,True,114.54173064912736,10.702417047056583,8.044750264135965,0.07023423007968367,2.853633240902773,24.913481093141783,33.76231690150845,33.76231690150845,0.0,0.07023423007968367,4.027440725314562
perimeter_nominal,1.0,3000.0,True,155.7446185394314,12.479768368821249,8.044750264135965,0.051653471815459207,4.038723759661023,25.931706646021283,33.76231690150845,33.76231690150845,0.0,0.051653471815459207,2.9608435573855667
cross_light,1.0,10000.0,True,131.8602830054647,11.483043281528843,26.81583421378655,0.20336551388013643,2.3230995316102616,17.617886740876973,33.76231690150845,33.76231690150845,0.0,0.20336551388013643,11.733834494516557
cross_nominal,1.0,10000.0,True,162.6582307292182,12.75375359371578,26.81583421378655,0.16485998952261838,3.2089198639569503,19.727989475668963,33.76231690150845,33.76231690150845,0.0,0.16485998952261838,9.489101074479008
perimeter_nominal,1.0,10000.0,True,207.93294137631716,14.419880074963077,26.81583421378655,0.12896385746429298,4.511125439212909,21.695097512465193,33.76231690150845,33.76231690150845,0.0,0.12896385746429298,7.40972171552986
cross_light,1.0,30000.0,True,259.59396684811486,16.11192002363824,80.44750264135966,0.30989742796460473,3.0580007954586486,11.77993784904811,33.76231690150845,33.76231690150845,0.0,0.30989742796460473,18.05304913451902
cross_nominal,1.0,30000.0,True,290.7137004994309,17.05032845723011,80.44750264135966,0.2767241533617269,3.9530764366283377,13.597833297285817,33.76231690150845,33.76231690150845,0.0,0.2767241533617269,16.064788832093107
perimeter_nominal,1.0,30000.0,True,345.36862560971167,18.58409603961709,80.44750264135966,0.23293228358348456,5.525078712878444,15.997627761133495,33.76231690150844,33.76231690150845,7.105427357601002e-15,0.23293228358348456,13.4697692481851
cross_light,1.0,100000.0,True,671.3169544694438,25.909784917467835,268.15834213786553,0.3994511688592713,4.613553836650632,6.872392848020385,33.76231690150845,33.76231690150845,0.0,0.3994511688592713,23.543872878103915
cross_nominal,1.0,100000.0,True,705.6414804249131,26.563913123350503,268.15834213786553,0.38002066145033,5.600806729675892,7.93718465403037,33.76231690150845,33.76231690150845,0.0,0.38002066145033,22.33496248118833
perimeter_nominal,1.0,100000.0,True,782.4924188648115,27.97306595396385,268.15834213786553,0.3426976871250612,7.811217775262565,9.982483647055094,33.76231690150845,33.76231690150845,0.0,0.3426976871250612,20.041317232730794
cross_light,1.25,100.0,True,92.91117686573243,9.639044395879315,0.26815834213786555,0.002886179587687129,2.0303379855377894,21.85246225512638,27.01062489653164,27.010624896531635,-3.552713678800501e-15,0.002886179587687129,0.1653661388760441
cross_nominal,1.25,100.0,True,138.8082319644486,11.781690539326204,0.26815834213786555,0.0019318619533065298,3.0405608491710754,21.904758861490436,27.010624896531635,27.010624896531635,0.0,0.0019318619533065298,0.11068760537579832
perimeter_nominal,1.25,100.0,True,204.1696989935555,14.288796275178518,0.26815834213786555,0.0013134091075205523,4.479207582635768,21.938650077439508,27.010624896531635,27.010624896531635,0.0,0.0013134091075205523,0.07525282027071359
cross_light,1.25,300.0,True,95.03755090099514,9.748720475067236,0.8044750264135966,0.008464812264066592,2.0477506525193707,21.546753184460783,27.010624896531635,27.010624896531635,0.0,0.008464812264066592,0.4850038092192822
cross_nominal,1.25,300.0,True,140.809380964672,11.866312863087337,0.8044750264135966,0.0057132203898789475,3.055217234878752,21.697540419166266,27.010624896531635,27.010624896531635,0.0,0.0057132203898789475,0.3273451965908942
perimeter_nominal,1.25,300.0,True,206.34468290990887,14.364702673912499,0.8044750264135966,0.0038986952077889716,4.497690183476301,21.7969763991448,27.010624896531635,27.010624896531635,0.0,0.003898695207788972,0.22337934690442976
cross_light,1.25,1000.0,True,102.37504364638882,10.11805532928086,2.6815834213786554,0.026193721886371528,2.106387912975168,20.575208937158475,27.010624896531635,27.010624896531635,0.0,0.026193721886371528,1.5009613849090662
cross_nominal,1.25,1000.0,True,147.75944985896675,12.155634490184655,2.6815834213786554,0.018148304043756048,3.1053270542720406,21.016097834933802,27.010624896531635,27.010624896531635,0.0,0.018148304043756048,1.039878314905034
perimeter_nominal,1.25,1000.0,True,213.90194702365108,14.625387072609431,2.6815834213786554,0.012536507772330625,4.561164749083815,21.323624270607915,27.01062489653164,27.010624896531635,-3.552713678800501e-15,0.012536507772330625,0.7183078013832073
cross_light,1.25,3000.0,True,122.61803725839297,11.073302906468014,8.044750264135965,0.06560821265784302,2.258047309168777,18.41529484288184,27.01062489653164,27.010624896531635,-3.552713678800501e-15,0.06560821265784302,3.7617757067744724
cross_nominal,1.25,3000.0,True,167.21451558311097,12.931145176785812,8.044750264135965,0.04811035833870216,3.239643665280448,19.374177259570754,27.01062489653163,27.010624896531635,3.552713678800501e-15,0.04811035833870216,2.757584969523823
perimeter_nominal,1.25,3000.0,True,235.0722946237789,15.33206752606376,8.044750264135965,0.03422245176536509,4.7332357860563175,20.13523453978963,27.01062489653164,27.010624896531635,-3.552713678800501e-15,0.03422245176536509,1.9611849933858285
cross_light,1.25,10000.0,True,188.5164404616638,13.73012893099201,26.81583421378655,0.14224666107696718,2.6798569429155177,14.215507869513834,27.01062489653163,27.010624896531635,3.552713678800501e-15,0.14224666107696718,8.177871766733816
cross_nominal,1.25,10000.0,True,232.06801643166335,15.233778796860067,26.81583421378655,0.11555161553976122,3.638454345243979,15.67839636495272,27.010624896531635,27.010624896531635,0.0,0.11555161553976122,6.63544240114295
perimeter_nominal,1.25,10000.0,True,305.5764957167363,17.48074642904977,26.81583421378655,0.08775489800316424,5.256421909502186,17.201656485958235,27.010624896531642,27.010624896531635,-7.105427357601002e-15,0.08775489800316424,5.0344611076393075
cross_light,1.25,30000.0,True,359.834100300626,18.9692936162796,80.44750264135966,0.2235683126589426,3.5116502619515098,9.75908136282158,27.010624896531628,27.010624896531635,7.105427357601002e-15,0.2235683126589426,12.918704075407682
cross_nominal,1.25,30000.0,True,403.85650687150957,20.096181400243918,80.44750264135966,0.19919823321542948,4.480610940025838,11.0945617163261,27.010624896531635,27.010624896531635,0.0,0.19919823321542948,11.490077817858628
perimeter_nominal,1.25,30000.0,True,490.80192393984765,22.15404983157363,80.44750264135966,0.16391032454717772,6.394333901589526,13.028339111346295,27.01062489653163,27.010624896531635,3.552713678800501e-15,0.16391032454717772,9.433938863053967
cross_light,1.25,100000.0,True,907.6638243509553,30.12745963985273,268.15834213786553,0.29543795284517144,5.283170820785225,5.820625080616241,27.010624896531635,27.010624896531635,0.0,0.29543795284517144,17.18380079231033
cross_nominal,1.25,100000.0,True,956.4195929761069,30.926034226458892,268.15834213786553,0.2803772989462007,6.356315755535518,6.645948914279834,27.010624896531635,27.010624896531635,0.0,0.2803772989462007,16.282724371805507
perimeter_nominal,1.25,100000.0,True,1075.933123468194,32.80141953434629,268.15834213786553,0.24923328066476488,8.986883245257047,8.352641116102522,27.010624896531635,27.010624896531635,0.0,0.24923328066476488,14.432146334696393
cross_light,1.5,100.0,True,134.5849426309794,11.60107506358697,0.26815834213786555,0.0019924839799734,2.3418387875121733,17.400451653297488,22.509639775400032,22.50963977540003,-3.552713678800501e-15,0.0019924839799734,0.11416099833637244
cross_nominal,1.5,100.0,True,196.66839811828658,14.023851044498675,0.26815834213786555,0.0013635049896353008,3.4288977291070037,17.434919701968013,22.50963977540003,22.50963977540003,0.0,0.0013635049896353008,0.07812310545818585
perimeter_nominal,1.5,100.0,True,298.01396657713207,17.263081027937396,0.26815834213786555,0.0008998180361069109,5.203422125654532,17.46032974702137,22.50963977540003,22.50963977540003,0.0,0.0008998180361069109,0.05155578275589448
cross_light,1.5,300.0,True,137.33129251159144,11.718843480121723,0.8044750264135966,0.005857914912915386,2.3605362303205926,17.188626038172266,22.50963977540003,22.50963977540003,0.0,0.005857914912915386,0.3356357208414361
cross_nominal,1.5,300.0,True,199.25676364194587,14.115833791949587,0.8044750264135966,0.004037378765516822,3.4448289227350326,17.288391419049706,22.50963977540003,22.50963977540003,0.0,0.004037378765516822,0.23132539201321053
perimeter_nominal,1.5,300.0,True,300.8200381693259,17.344164383714944,0.8044750264135966,0.002674273400499912,5.223165274119519,17.36308959305263,22.50963977540003,22.50963977540003,0.0,0.002674273400499912,0.15322476175034475
cross_light,1.5,1000.0,True,146.81304105031785,12.116643142814674,2.6815834213786554,0.018265294432935186,2.4236926916305324,16.50870164047518,22.509639775400025,22.50963977540003,3.552713678800501e-15,0.018265294432935186,1.0465824817183969
cross_nominal,1.5,1000.0,True,208.246583537995,14.43075131578377,2.6815834213786554,0.01287696237710135,3.499371890716492,16.803982237134875,22.509639775400032,22.50963977540003,-3.552713678800501e-15,0.01287696237710135,0.7378159884170374
perimeter_nominal,1.5,1000.0,True,310.5738270082481,17.623104919628894,2.6815834213786554,0.008634286563070361,5.291085063090279,17.036480871743773,22.509639775400032,22.50963977540003,-3.552713678800501e-15,0.008634286563070361,0.4947143262003706
cross_light,1.5,3000.0,True,172.9917633840399,13.152633325081327,8.044750264135965,0.04650366067589417,2.588171146491124,14.961239170361026,22.509639775400025,22.50963977540003,3.552713678800501e-15,0.04650366067589417,2.6654247816473613
cross_nominal,1.5,3000.0,True,233.4099459262678,15.277759846465312,8.044750264135965,0.03446618451587848,3.6460717586898976,15.620892863929889,22.509639775400025,22.50963977540003,3.552713678800501e-15,0.03446618451587848,1.9751580946469707
perimeter_nominal,1.5,3000.0,True,337.9210099385615,18.382627938860143,8.044750264135965,0.023806599848877723,5.476022842088933,16.205038103681527,22.509639775400025,22.50963977540003,3.552713678800501e-15,0.023806599848877723,1.3641465725609863
cross_light,1.5,10000.0,True,258.17154203253915,16.067717387125626,26.81583421378655,0.1038682807666182,3.0509829863338047,11.81765798938935,22.50963977540003,22.50963977540003,0.0,0.1038682807666182,5.961967298546701
cross_nominal,1.5,10000.0,True,317.20938433624246,17.810372942087497,26.81583421378655,0.08453669890598736,4.0847143381885225,12.877028675351921,22.50963977540003,22.50963977540003,0.0,0.08453669890598736,4.849383782397992
perimeter_nominal,1.5,10000.0,True,429.09932046498665,20.714712657070255,26.81583421378655,0.06249330384566445,6.043866814295351,14.085006724657617,22.50963977540003,22.50963977540003,0.0,0.06249330384566445,3.582937285629194
cross_light,1.5,30000.0,True,478.7216733574693,21.879709169855737,80.44750264135966,0.16804650200428298,3.973720908419494,8.30069146556532,22.509639775400025,22.50963977540003,3.552713678800501e-15,0.16804650200428298,9.674257936196407
cross_nominal,1.5,30000.0,True,538.4083640810225,23.203628252517372,80.44750264135966,0.14941726022156207,5.018813362374622,9.321573915258428,22.509639775400025,22.50963977540003,3.552713678800501e-15,0.14941726022156207,8.593157455862535
perimeter_nominal,1.5,30000.0,True,668.4143772277112,25.853711091982735,80.44750264135966,0.12035573348230558,7.29517182120906,10.914145580569683,22.509639775400025,22.50963977540003,3.552713678800501e-15,0.12035573348230559,6.912633406339256
cross_light,1.5,100000.0,True,1179.1736991243122,34.33909869411706,268.15834213786553,0.22741207876075215,5.951829555137614,5.047457859310813,22.50963977540003,22.50963977540003,0.0,0.22741207876075215,13.144757729328164
cross_nominal,1.5,100000.0,True,1245.4501511688898,35.290935821665165,268.15834213786553,0.21531037744560988,7.1123063560297375,5.710631091380606,22.509639775400025,22.50963977540003,3.552713678800501e-15,0.21531037744560988,12.43373709839318
perimeter_nominal,1.5,100000.0,True,1420.4811418798654,37.689270912023034,268.15834213786553,0.188779938171502,10.177035952910312,7.16449916360172,22.50963977540003,22.50963977540003,0.0,0.188779938171502,10.881591348617501
cross_light,1.75,100.0,True,188.48734561825992,13.72906936460953,0.26815834213786555,0.0014226861822382595,2.67968872139721,14.216809688775268,19.294772891561923,19.294772891561923,0.0,0.0014226861822382595,0.0815139413117062
cross_nominal,1.75,100.0,True,270.11454956772576,16.435161987876047,0.26815834213786555,0.0009927578598302432,3.8465310636280305,14.240369760843226,19.294772891561923,19.294772891561923,0.0,0.0009927578598302432,0.05688084479004071
perimeter_nominal,1.75,100.0,True,420.1186813228506,20.496796855188144,0.26815834213786555,0.0006382918781271539,5.990806059863472,14.259794496640556,19.294772891561923,19.294772891561923,0.0,0.0006382918781271539,0.036571433197465926
cross_light,1.75,300.0,True,191.92926911705493,13.85385394455474,0.8044750264135966,0.004191518209361589,2.6995000818243047,14.065077693688908,19.294772891561923,19.294772891561923,0.0,0.004191518209361589,0.24015700636488393
cross_nominal,1.75,300.0,True,273.3651650013014,16.533758344711025,0.8044750264135966,0.0029428585987163604,3.8636077187104907,14.133504240352266,19.294772891561923,19.294772891561923,0.0,0.0029428585987163604,0.16861362078819864
perimeter_nominal,1.75,300.0,True,423.6311497317575,20.58230185697794,0.8044750264135966,0.001898998756165567,6.011625843759273,14.19070775972405,19.294772891561927,19.294772891561923,-3.552713678800501e-15,0.001898998756165567,0.10880467942411835
cross_light,1.75,1000.0,True,203.82000398342979,14.276554345619596,2.6815834213786554,0.013156625301590433,2.766609896208825,13.573789825034767,19.294772891561923,19.294772891561923,0.0,0.013156625301590433,0.7538408513880399
cross_nominal,1.75,1000.0,True,284.656571640164,16.871768479924206,2.6815834213786554,0.009420416349173419,3.922150272195221,13.77853407562722,19.294772891561923,19.294772891561923,0.0,0.009420416349173419,0.5397580816682556
perimeter_nominal,1.75,1000.0,True,435.8454591543148,20.87691210774033,2.6815834213786554,0.006152601489945127,6.083361082937909,13.95761032991293,19.294772891561927,19.294772891561923,-3.552713678800501e-15,0.006152601489945127,0.3525203225040031
cross_light,1.75,3000.0,True,236.68691153320196,15.384632317127439,8.044750264135965,0.033988995048454394,2.9425333322976797,12.432175962906623,19.29477289156192,19.294772891561923,3.552713678800501e-15,0.033988995048454394,1.9478011224506182
cross_nominal,1.75,3000.0,True,316.26871673570963,17.783945477191207,8.044750264135965,0.02543644008540551,4.080137163968048,12.9008559748817,19.29477289156192,19.294772891561923,3.552713678800501e-15,0.02543644008540551,1.4575578679104793
perimeter_nominal,1.75,3000.0,True,470.1255641797945,21.682379117149356,8.044750264135965,0.01711191834073362,6.279485855992931,13.357039766489722,19.294772891561927,19.294772891561923,-3.552713678800501e-15,0.01711191834073362,0.9804885550090606
cross_light,1.75,10000.0,True,343.6752963977648,18.538481501939817,26.81583421378655,0.07802665625041114,3.443252595530774,10.018912129039393,19.294772891561923,19.294772891561923,0.0,0.07802665625041114,4.475146851223268
cross_nominal,1.75,10000.0,True,421.5088123139397,20.53067978207102,26.81583421378655,0.06361867991935154,4.555865028904265,10.808469231981459,19.294772891561927,19.294772891561923,-3.552713678800501e-15,0.06361867991935154,3.6475451587304843
perimeter_nominal,1.75,10000.0,True,584.6059936500068,24.178626794133837,26.81583421378655,0.04586992693379862,6.887302195357236,11.78110089558976,19.294772891561923,19.294772891561923,0.0,0.04586992693379862,2.62907572130914
cross_light,1.75,30000.0,True,619.9070748421324,24.897933143980694,80.44750264135966,0.12977348687599136,4.452907703994253,7.183185810757597,19.294772891561923,19.294772891561923,0.0,0.12977348687599136,7.456503190251184
cross_nominal,1.75,30000.0,True,698.5989681436773,26.43102283574507,80.44750264135966,0.1151554844908022,5.577790447146861,7.984252341465963,19.29477289156192,19.294772891561923,3.552713678800501e-15,0.11515548449080222,6.612593234088633
perimeter_nominal,1.75,30000.0,True,885.1254953136913,29.751058725929255,80.44750264135966,0.09088824473737343,8.244144791293966,9.314097079953859,19.294772891561923,19.294772891561923,0.0,0.09088824473737343,5.214709207609698
cross_light,1.75,100000.0,True,1491.981966531608,38.62618239655076,268.15834213786553,0.17973296470951985,6.632466220720248,4.445406425480236,19.294772891561923,19.294772891561923,0.0,0.17973296470951985,10.354206146184993
cross_nominal,1.75,100000.0,True,1579.4887333396016,39.7427821539912,268.15834213786553,0.16977540673612992,7.883355578715388,4.991080602422005,19.294772891561923,19.294772891561923,0.0,0.16977540673612992,9.774760991047188
perimeter_nominal,1.75,100000.0,True,1825.7950408933311,42.7293229631986,268.15834213786553,0.14687209469396967,11.404248306955152,6.246182102332386,19.29477289156192,19.294772891561923,3.552713678800501e-15,0.14687209469396967,8.44570311448536
cross_light,2.0,100.0,True,257.831158043028,16.057121723491665,0.26815834213786555,0.0010400540577532298,3.049300771181029,11.826734962235046,16.883729924599923,16.883729924599923,0.0,0.0010400540577532298,0.05959071871805593
cross_nominal,2.0,100.0,True,363.1034380496686,19.055273234715596,0.26815834213786555,0.0007385177721759396,4.300328115326806,11.84325915068468,16.883729924599923,16.883729924599923,0.0,0.0007385177721759396,0.04231395528748447
perimeter_nominal,2.0,100.0,True,577.9771088823054,24.04115448314214,0.26815834213786555,0.00046396014308668955,6.853828787409245,11.858304908758772,16.883729924599923,16.883729924599923,0.0,0.00046396014308668955,0.026582959014856744
cross_light,2.0,300.0,True,262.05384074686293,16.188077117028538,0.8044750264135966,0.003069884509690122,3.070091837692373,11.715500253468905,16.883729924599926,16.883729924599923,-3.552713678800501e-15,0.003069884509690122,0.17589170227139983
cross_nominal,2.0,300.0,True,367.10125040878177,19.15988649258606,0.8044750264135966,0.0021914254596457567,4.318446883393424,11.763639809411336,16.883729924599923,16.883729924599923,0.0,0.0021914254596457567,0.12555953045206372
perimeter_nominal,2.0,300.0,True,582.2808012112952,24.13049525416532,0.8044750264135966,0.0013815929097096792,6.8755825504272226,11.808018633147833,16.883729924599923,16.883729924599923,0.0,0.0013815929097096792,0.07915946791482903
cross_light,2.0,1000.0,True,276.652075208344,16.632861305510367,2.6815834213786554,0.009692981407636941,3.140707773364516,11.35255454346142,16.883729924599926,16.883729924599923,-3.552713678800501e-15,0.009692981407636941,0.5553756224044468
cross_nominal,2.0,1000.0,True,380.9909346100502,19.518989077563678,2.6815834213786554,0.007038444166980759,4.3806425991351965,11.498023184249378,16.883729924599923,16.883729924599923,0.0,0.007038444166980759,0.4032764748522219
perimeter_nominal,2.0,1000.0,True,597.253003026552,24.438760259607115,2.6815834213786554,0.004489861763423298,6.950642613132255,11.637685499964327,16.883729924599923,16.883729924599923,0.0,0.004489861763423298,0.25725099396066137
cross_light,2.0,3000.0,True,317.0580901642998,17.806125074375384,8.044750264135965,0.025373111469785135,3.3269803994473395,10.493283416055698,16.883729924599926,16.883729924599923,-3.552713678800501e-15,0.025373111469785135,1.45392823403574
cross_nominal,2.0,3000.0,True,419.8930341633984,20.491291666544555,8.044750264135965,0.019159046732376627,4.549043100743985,10.833814163665684,16.883729924599926,16.883729924599923,-3.552713678800501e-15,0.019159046732376627,1.0977996856306405
perimeter_nominal,2.0,3000.0,True,639.3181992580927,25.284742420244125,8.044750264135965,0.012583327478353702,7.1566325013900824,11.19416357878614,16.883729924599923,16.883729924599923,0.0,0.012583327478353702,0.7209905845515395
cross_light,2.0,10000.0,True,448.73850580929496,21.18344886484009,26.81583421378655,0.059758264259993664,3.8631794948906717,8.60897704315227,16.883729924599923,16.883729924599923,0.0,0.05975826425999367,3.4259374324040026
cross_nominal,2.0,10000.0,True,549.4262231464545,23.439842643380832,26.81583421378655,0.04880697914310972,5.059725134449933,9.20910746755751,16.88372992459992,16.883729924599923,3.552713678800501e-15,0.04880697914310972,2.797545348259693
perimeter_nominal,2.0,10000.0,True,780.0744019793694,27.929812064877368,26.81583421378655,0.03437599560470611,7.800685799301119,9.999925365462028,16.883729924599923,16.883729924599923,0.0,0.03437599560470611,1.969987586729867
cross_light,2.0,30000.0,True,788.0966911314799,28.073059881877498,80.44750264135966,0.10207821393826716,4.957005087130842,6.289843800782884,16.883729924599923,16.883729924599923,0.0,0.10207821393826716,5.858855882645852
cross_nominal,2.0,30000.0,True,889.8870297611772,29.83097433476113,80.44750264135966,0.09040192738054594,6.166653980339735,6.929704304146005,16.883729924599923,16.883729924599923,0.0,0.09040192738054594,5.186730092545229
perimeter_nominal,2.0,30000.0,True,1149.9335863409126,33.91067068550713,80.44750264135966,0.06995839029047193,9.256977026555502,8.05001013668206,16.88372992459992,16.883729924599923,3.552713678800501e-15,0.06995839029047193,4.011597298308231
cross_light,2.0,100000.0,True,1853.874431507953,43.05664212996588,268.15834213786553,0.14464752174166612,7.3358659090067,3.9570457331566202,16.883729924599923,16.883729924599923,0.0,0.14464752174166612,8.316868491763845
cross_nominal,2.0,100000.0,True,1967.1255131382395,44.35228870236844,268.15834213786553,0.13631989435694983,8.681711176769845,4.413399713839072,16.883729924599923,16.883729924599923,0.0,0.13631989435694983,7.8349499065618735
perimeter_nominal,2.0,100000.0,True,2304.2759477886602,48.00287437006934,268.15834213786553,0.1163742313047222,12.688315886116923,5.506422049101148,16.883729924599926,16.883729924599923,-3.552713678800501e-15,0.11637423130472221,6.682894950629867
