scenario,phi_deg,target_fill_factor,relative_to_ideal_swarm_same_eta,equivalent_ideal_ring_half_angle_deg,feasible,minimum_power_w,reflector_area_m2,reflector_side_m,pv_area_m2,structure_mass_kg,structure_areal_density_g_m2,system_areal_density_g_m2,sigma_limit_g_m2,margin_g_m2
cross_light,0.25,0.01,0.01,0.5729673448571527,True,26.612527940830265,7.136371372710669,2.6713987670714134,0.07136371372710669,0.924123267812303,129.4948398209951,135.0428398209951,135.0428398209951,0.0
cross_nominal,0.25,0.01,0.01,0.5729673448571527,True,46.38904033891531,12.439608150650097,3.5269828679269333,0.12439608150650097,1.6108650649043796,129.4948398209951,135.0428398209951,135.0428398209951,0.0
perimeter_nominal,0.25,0.01,0.01,0.5729673448571527,True,55.96059600946472,15.006300650944913,3.8737966713477507,0.15006300650944915,1.9432384990998064,129.4948398209951,135.0428398209951,135.0428398209951,0.0
cross_light,0.25,0.05,0.05,2.8659839825988622,True,136.04644960313902,7.296398075864087,2.701184569011175,0.3648199037932044,0.9288521955219429,127.30283982099512,135.0428398209951,135.0428398209951,0.0
cross_nominal,0.25,0.05,0.05,2.8659839825988622,True,236.8871603721891,12.70465363983058,3.564358797852789,0.635232681991529,1.617338487292575,127.30283982099512,135.0428398209951,135.0428398209951,0.0
perimeter_nominal,0.25,0.05,0.05,2.8659839825988622,True,286.18835300781143,15.348758856348185,3.9177492079442993,0.7674379428174093,1.9539405901407734,127.30283982099512,135.04283982099514,135.0428398209951,-2.842170943040401e-14
cross_light,0.25,0.1,0.1,5.739170477266787,True,279.9091215843973,7.505996599333822,2.7397073930136813,0.7505996599333823,0.9349682520997531,124.56283982099512,135.04283982099514,135.0428398209951,-2.842170943040401e-14
cross_nominal,0.25,0.1,0.1,5.739170477266787,True,486.7000830160019,13.05126873799326,3.612653974295526,1.305126873799326,1.6257030972714155,124.56283982099512,135.0428398209951,135.0428398209951,0.0
perimeter_nominal,0.25,0.1,0.1,5.739170477266787,True,589.1122893257918,15.79753748386469,3.9746116142164998,1.5797537483864692,1.9677861311688039,124.56283982099512,135.04283982099514,135.0428398209951,-2.842170943040401e-14
cross_light,0.25,0.25,0.25,14.477512185929925,True,765.1269723729903,8.207007217460221,2.8647874646228506,2.0517518043650553,0.9548265261107254,116.34283982099511,135.0428398209951,135.0428398209951,0.0
cross_nominal,0.25,0.25,0.25,14.477512185929925,True,1324.4341836785982,14.206322998638807,3.769127617717236,3.551580749659702,1.6528039610759537,116.34283982099512,135.0428398209951,135.0428398209951,0.0
perimeter_nominal,0.25,0.25,0.25,14.477512185929925,True,1612.8869794343743,17.30036393843486,4.159370618066496,4.325090984608715,2.0127734705342473,116.34283982099512,135.04283982099514,135.0428398209951,-2.842170943040401e-14
cross_light,0.25,0.5,0.5,29.999999999999996,True,1805.8138705660986,9.684881074811342,3.1120541567927993,4.842440537405671,0.9940836968472476,102.64283982099512,135.0428398209951,135.0428398209951,0.0
cross_nominal,0.25,0.5,0.5,29.999999999999996,True,3099.285853134421,16.621987123757332,4.077007128244606,8.310993561878666,1.706127961850467,102.6428398209951,135.0428398209951,135.0428398209951,0.0
perimeter_nominal,0.25,0.5,0.5,29.999999999999996,True,3818.1313505423755,20.47727546052106,4.525182367653381,10.23863773026053,2.1018457050646573,102.6428398209951,135.04283982099514,135.0428398209951,-2.842170943040401e-14
cross_light,0.5,0.01,0.01,0.5729673448571527,True,72.08968326501069,19.331449949589096,4.396754479111734,0.19331449949589097,1.1980484907139282,61.97406267186873,67.52206267186872,67.52206267186872,0.0
cross_nominal,0.5,0.01,0.01,0.5729673448571527,True,119.05942669142345,31.926778477456853,5.650378613637926,0.3192677847745685,1.9786321702727807,61.97406267186873,67.52206267186872,67.52206267186872,0.0
perimeter_nominal,0.5,0.01,0.01,0.5729673448571527,True,154.47043530192644,41.42253583987901,6.4360341701919985,0.4142253583987901,2.56712283216839,61.97406267186872,67.52206267186872,67.52206267186872,0.0
cross_light,0.5,0.05,0.05,2.8659839825988622,True,379.27959339763,20.34139739444644,4.510143833010921,1.017069869722322,1.2160506938681843,59.78206267186873,67.52206267186872,67.52206267186872,0.0
cross_nominal,0.5,0.05,0.05,2.8659839825988622,True,624.5288776335577,33.49452568868735,5.787445523604291,1.6747262844343673,2.002371833885624,59.78206267186872,67.52206267186872,67.52206267186872,0.0
perimeter_nominal,0.5,0.05,0.05,2.8659839825988622,True,813.5328734083769,43.631125321568874,6.605386084217097,2.1815562660784438,2.608358668418189,59.78206267186873,67.52206267186874,67.52206267186872,-1.4210854715202004e-14
cross_light,0.5,0.1,0.1,5.739170477266787,True,810.8675116075457,21.74408876061359,4.66305573209388,2.174408876061359,1.2403276738255968,57.04206267186873,67.52206267186872,67.52206267186872,0.0
cross_nominal,0.5,0.1,0.1,5.739170477266787,True,1329.9400995011063,35.663453222488464,5.971888580883644,3.5663453222488464,2.0343169338124456,57.04206267186872,67.52206267186871,67.52206267186872,1.4210854715202004e-14
perimeter_nominal,0.5,0.1,0.1,5.739170477266787,True,1741.600261979618,46.702463891932666,6.833920096981868,4.670246389193267,2.664004872254309,57.04206267186872,67.52206267186871,67.52206267186872,1.4210854715202004e-14
cross_light,0.5,0.25,0.25,14.477512185929925,True,2535.9655275390564,27.20161246334604,5.215516509737654,6.80040311583651,1.328038828461366,48.82206267186873,67.52206267186872,67.52206267186872,0.0
cross_nominal,0.5,0.25,0.25,14.477512185929925,True,4103.858536997009,44.01935606597777,6.634708438656349,11.004839016494442,2.1491157606284714,48.82206267186873,67.52206267186872,67.52206267186872,0.0
perimeter_nominal,0.5,0.25,0.25,14.477512185929925,True,5471.611007195363,58.690325460512206,7.660961131640873,14.672581365128051,2.8653827478654996,48.82206267186873,67.52206267186872,67.52206267186872,0.0
cross_light,0.5,0.5,0.5,29.999999999999996,True,8266.485116209868,44.33453888140358,6.65841864720172,22.16726944070179,1.5571204531210578,35.12206267186873,67.52206267186872,67.52206267186872,0.0
cross_nominal,0.5,0.5,0.5,29.999999999999996,True,12980.67482459885,69.61752481590312,8.343711692999891,34.80876240795156,2.4451110696445264,35.12206267186873,67.52206267186872,67.52206267186872,0.0
perimeter_nominal,0.5,0.5,0.5,29.999999999999996,True,18014.839233416642,96.61658845426366,9.829373756972702,48.30829422713183,3.3933738748327973,35.12206267186873,67.52206267186872,67.52206267186872,0.0
cross_light,0.75,0.01,0.01,0.5729673448571527,True,138.7444682081413,37.20548657549497,6.099630035952588,0.3720548657549497,1.4684046631983527,39.467422639904484,45.015422639904486,45.015422639904486,0.0
cross_nominal,0.75,0.01,0.01,0.5729673448571527,True,220.25444998229662,59.0630681557401,7.685250038596018,0.590630681557401,2.331067073312078,39.467422639904484,45.015422639904486,45.015422639904486,0.0
perimeter_nominal,0.75,0.01,0.01,0.5729673448571527,True,301.27899598456884,80.79047608418261,8.988352245221735,0.8079047608418262,3.1885918648935307,39.467422639904484,45.015422639904486,45.015422639904486,0.0
cross_light,0.75,0.05,0.05,2.8659839825988622,True,755.6894016112448,40.528883421445414,6.366229922131733,2.0264441710722707,1.510731258657796,37.275422639904484,45.01542263990448,45.015422639904486,7.105427357601002e-15
cross_nominal,0.75,0.05,0.05,2.8659839825988622,True,1193.292352809079,63.99825980301512,7.999891236949107,3.199912990150756,2.3855621823757986,37.275422639904484,45.015422639904486,45.015422639904486,0.0
perimeter_nominal,0.75,0.05,0.05,2.8659839825988622,True,1643.8292514147838,88.16130536342341,9.389425188126449,4.40806526817117,3.2862499179072855,37.275422639904484,45.01542263990448,45.015422639904486,7.105427357601002e-15
cross_light,0.75,0.1,0.1,5.739170477266787,True,1696.0433927590775,45.480818439615504,6.743946799880282,4.54808184396155,1.570699286820883,34.53542263990449,45.01542263990449,45.015422639904486,-7.105427357601002e-15
cross_nominal,0.75,0.1,0.1,5.739170477266787,True,2659.020398774006,71.30385018460036,8.44416071522803,7.130385018460037,2.4625086019776052,34.53542263990449,45.01542263990449,45.015422639904486,-7.105427357601002e-15
perimeter_nominal,0.75,0.1,0.1,5.739170477266787,True,3698.048003772809,99.16624218379596,9.95822485103625,9.916624218379596,3.4247480854285186,34.53542263990449,45.01542263990449,45.015422639904486,-7.105427357601002e-15
cross_light,0.75,0.25,0.25,14.477512185929925,True,6449.631167077001,69.18089604656302,8.317505398048326,17.295224011640755,1.8205245180726035,26.31542263990449,45.01542263990449,45.015422639904486,-7.105427357601002e-15
cross_nominal,0.75,0.25,0.25,14.477512185929925,True,9849.632457089732,105.65044441441974,10.278640202595854,26.412611103604934,2.780236096859192,26.31542263990449,45.01542263990449,45.015422639904486,-7.105427357601002e-15
perimeter_nominal,0.75,0.25,0.25,14.477512185929925,True,14182.223586645092,152.12326259293124,12.333825951136623,38.03081564823281,4.003187948494158,26.315422639904487,45.01542263990449,45.015422639904486,-7.105427357601002e-15
cross_light,0.75,0.5,0.5,29.999999999999996,True,43042.52567571802,230.8442465325411,15.193559376674745,115.42212326627055,2.9121977339983127,12.61542263990449,45.015422639904486,45.015422639904486,0.0
cross_nominal,0.75,0.5,0.5,29.999999999999996,True,61131.32732476405,327.85750776191855,18.106835940106116,163.92875388095928,4.13606102608237,12.61542263990449,45.015422639904486,45.015422639904486,0.0
perimeter_nominal,0.75,0.5,0.5,29.999999999999996,True,96764.15829894712,518.9623253562329,22.780744618125038,259.48116267811645,6.546929068556501,12.61542263990449,45.015422639904486,45.015422639904486,0.0
cross_light,1.0,0.01,0.01,0.5729673448571527,True,231.37637362570038,62.045504761339174,7.876896899245233,0.6204550476133918,1.750571533650475,28.21431690150845,33.762316901508456,33.76231690150845,-7.105427357601002e-15
cross_nominal,1.0,0.01,0.01,0.5729673448571527,True,355.76497316582646,95.40134539487025,9.767361229875254,0.9540134539487025,2.691683791801133,28.21431690150845,33.76231690150845,33.76231690150845,0.0
perimeter_nominal,1.0,0.01,0.01,0.5729673448571527,True,507.67344711854975,136.13686992672564,11.667770563682062,1.3613686992672565,3.8410087900920726,28.21431690150845,33.762316901508456,33.76231690150845,-7.105427357601002e-15
cross_light,1.0,0.05,0.05,2.8659839825988622,True,1312.8123315772284,70.40831567477908,8.390966313529036,3.520415783738954,1.8321875029905457,26.022316901508447,33.76231690150845,33.76231690150845,0.0
cross_nominal,1.0,0.05,0.05,2.8659839825988622,True,2002.6737352577825,107.40673373795471,10.363722002155148,5.370336686897736,2.7949720626849968,26.02231690150845,33.76231690150845,33.76231690150845,0.0
perimeter_nominal,1.0,0.05,0.05,2.8659839825988622,True,2887.778066714022,154.8763557664245,12.444932935392801,7.743817788321225,4.030241610304664,26.02231690150845,33.76231690150845,33.76231690150845,0.0
cross_light,1.0,0.1,0.1,5.739170477266787,True,3130.911412723143,83.95800138163604,9.162859890974872,8.395800138163604,1.9547367945845344,23.282316901508448,33.76231690150845,33.76231690150845,0.0
cross_nominal,1.0,0.1,0.1,5.739170477266787,True,4724.011565010975,126.67831095134464,11.255145976456486,12.667831095134465,2.949364580117034,23.282316901508448,33.76231690150845,33.76231690150845,0.0
perimeter_nominal,1.0,0.1,0.1,5.739170477266787,True,6910.928989400461,185.32232604301421,13.61331429311078,18.532232604301424,4.3147331238581295,23.282316901508448,33.76231690150845,33.76231690150845,0.0
cross_light,1.0,0.25,0.25,14.477512185929925,True,15946.831597972214,171.05103694655833,13.078648131460618,42.76275923663958,2.576424924820692,15.062316901508451,33.76231690150845,33.76231690150845,0.0
cross_nominal,1.0,0.25,0.25,14.477512185929925,True,23043.269573791993,247.16979865375924,15.721634732233134,61.79244966343981,3.7229498358049584,15.062316901508451,33.762316901508456,33.76231690150845,-7.105427357601002e-15
perimeter_nominal,1.0,0.25,0.25,14.477512185929925,True,35668.178833407954,382.5887881217434,19.559876996590326,95.64719703043585,5.762673569653771,15.06231690150845,33.76231690150845,33.76231690150845,0.0
cross_light,1.0,0.5,0.5,29.999999999999996,True,2667493.5710239657,14306.213073384028,119.60858277474918,7153.106536692014,19.489595866452255,1.3623169015084533,33.762316901508456,33.76231690150845,-7.105427357601002e-15
cross_nominal,1.0,0.5,0.5,29.999999999999996,True,3281770.4717612127,17600.682579689754,132.66756415827402,8800.341289844877,23.977707356396756,1.3623169015084533,33.762316901508456,33.76231690150845,-7.105427357601002e-15
perimeter_nominal,1.0,0.5,0.5,29.999999999999996,True,6227235.864767747,33397.70491195153,182.75038963556693,16698.852455975764,45.49825787314346,1.3623169015084533,33.76231690150845,33.76231690150845,0.0
cross_light,1.25,0.01,0.01,0.5729673448571527,True,356.6446393114433,95.63723521011367,9.779429186313159,0.9563723521011367,2.0526261054560373,21.462624896531633,27.010624896531635,27.010624896531635,0.0
cross_nominal,1.25,0.01,0.01,0.5729673448571527,True,533.7880141750207,143.13970893423704,11.964100841025916,1.4313970893423704,3.072153880654247,21.462624896531633,27.01062489653163,27.010624896531635,3.552713678800501e-15
perimeter_nominal,1.25,0.01,0.01,0.5729673448571527,True,789.2168668533712,211.63508660264057,14.547683203955211,2.116350866026406,4.542244478697462,21.462624896531633,27.010624896531635,27.010624896531635,0.0
cross_light,1.25,0.05,0.05,2.8659839825988622,True,2122.914861159818,113.85546593369075,10.670307677555074,5.692773296684538,2.19406597642799,19.270624896531633,27.010624896531635,27.010624896531635,0.0
cross_nominal,1.25,0.05,0.05,2.8659839825988622,True,3143.481010605621,168.5901312691731,12.984226248382038,8.429506563458656,3.248837180945263,19.270624896531633,27.010624896531628,27.010624896531635,7.105427357601002e-15
perimeter_nominal,1.25,0.05,0.05,2.8659839825988622,True,4713.363640371722,252.7855559389951,15.899231300254584,12.639277796949756,4.871335627761589,19.270624896531633,27.010624896531635,27.010624896531635,0.0
cross_light,1.25,0.1,0.1,5.739170477266787,True,5462.831696000758,146.49038909777474,12.103321407687012,14.649038909777474,2.4215776731222816,16.530624896531634,27.010624896531635,27.010624896531635,0.0
cross_nominal,1.25,0.1,0.1,5.739170477266787,True,7966.682033090843,213.63322463331605,14.61619733834064,21.363322463331606,3.5314907018498296,16.530624896531634,27.010624896531635,27.010624896531635,0.0
perimeter_nominal,1.25,0.1,0.1,5.739170477266787,True,12185.098564934257,326.75358299592546,18.07632659020979,32.675358299592546,5.401440914103361,16.530624896531634,27.010624896531635,27.010624896531635,0.0
cross_light,1.25,0.25,0.25,14.477512185929925,True,44535.78569493578,477.7056983104499,21.856479549791406,119.42642457761248,3.9700328695938554,8.310624896531635,27.01062489653163,27.010624896531635,3.552713678800501e-15
cross_nominal,1.25,0.25,0.25,14.477512185929925,True,60859.848512980585,652.8030432001005,25.550010630136743,163.20076080002514,5.425201223350373,8.310624896531635,27.010624896531635,27.010624896531635,0.0
perimeter_nominal,1.25,0.25,0.25,14.477512185929925,True,101222.35757929205,1085.7447838299665,32.95064163001938,271.43619595749163,9.02321763177668,8.310624896531635,27.01062489653164,27.010624896531635,-3.552713678800501e-15
cross_light,1.25,0.5,0.5,29.999999999999996,False,,,,,,,,,
cross_nominal,1.25,0.5,0.5,29.999999999999996,False,,,,,,,,,
perimeter_nominal,1.25,0.5,0.5,29.999999999999996,False,,,,,,,,,
cross_light,1.5,0.01,0.01,0.5729673448571527,True,523.4964955246221,140.37995235486522,11.848204604701305,1.4037995235486522,2.3810741835310427,16.961639775400027,22.509639775400025,22.50963977540003,3.552713678800501e-15
cross_nominal,1.5,0.01,0.01,0.5729673448571527,True,765.3881181267698,205.24520884889537,14.326381568592097,2.0524520884889537,3.4812952981217093,16.961639775400027,22.509639775400025,22.50963977540003,3.552713678800501e-15
perimeter_nominal,1.5,0.01,0.01,0.5729673448571527,True,1166.7842450308376,312.8829287800505,17.688497075219548,3.1288292878005053,5.307007529839359,16.961639775400027,22.50963977540003,22.50963977540003,0.0
cross_light,1.5,0.05,0.05,2.8659839825988622,True,3296.0473608164666,176.77251917688616,13.295582694146434,8.83862595884431,2.610866430432602,14.769639775400028,22.50963977540003,22.50963977540003,0.0
cross_nominal,1.5,0.05,0.05,2.8659839825988622,True,4753.628431011869,254.94502383991315,15.966997959538704,12.747251191995659,3.76544616464629,14.769639775400028,22.50963977540003,22.50963977540003,0.0
perimeter_nominal,1.5,0.05,0.05,2.8659839825988622,True,7376.4810735021365,395.6129870963351,19.890022300046198,19.780649354816756,5.843061309882849,14.769639775400028,22.50963977540003,22.50963977540003,0.0
cross_light,1.5,0.1,0.1,5.739170477266787,True,9338.152901004692,250.41036005633183,15.824359704466143,25.041036005633185,3.012346427505892,12.029639775400028,22.50963977540003,22.50963977540003,0.0
cross_nominal,1.5,0.1,0.1,5.739170477266787,True,13202.167006612897,354.02712171205417,18.815608459788223,35.402712171205415,4.258818744917714,12.029639775400028,22.50963977540003,22.50963977540003,0.0
perimeter_nominal,1.5,0.1,0.1,5.739170477266787,True,21020.992152295497,563.6954405652642,23.742271175379667,56.36954405652642,6.7810530930355455,12.029639775400028,22.50963977540003,22.50963977540003,0.0
cross_light,1.5,0.25,0.25,14.477512185929925,True,185580.1906720945,1990.5950505703133,44.61608511030874,497.64876264257833,7.5834500813671015,3.8096397754000306,22.50963977540003,22.50963977540003,0.0
cross_nominal,1.5,0.25,0.25,14.477512185929925,True,239131.60906984398,2565.0054336371813,50.64588269185543,641.2513584092953,9.771746724101408,3.8096397754000306,22.509639775400032,22.50963977540003,-3.552713678800501e-15
perimeter_nominal,1.5,0.25,0.25,14.477512185929925,True,428392.2949474652,4595.078703909911,67.7870098463556,1148.7696759774778,17.505594601508818,3.8096397754000306,22.50963977540003,22.50963977540003,0.0
cross_light,1.5,0.5,0.5,29.999999999999996,False,,,,,,,,,
cross_nominal,1.5,0.5,0.5,29.999999999999996,False,,,,,,,,,
perimeter_nominal,1.5,0.5,0.5,29.999999999999996,False,,,,,,,,,
cross_light,1.75,0.01,0.01,0.5729673448571527,True,743.9539961529019,199.49747023520217,14.124357338838541,1.9949747023520217,2.742446415764459,13.746772891561923,19.294772891561923,19.294772891561923,0.0
cross_nominal,1.75,0.01,0.01,0.5729673448571527,True,1065.4360683333325,285.70556973815206,16.902827270553054,2.857055697381521,3.9275295810446833,13.746772891561923,19.294772891561927,19.294772891561923,-3.552713678800501e-15
perimeter_nominal,1.75,0.01,0.01,0.5729673448571527,True,1668.4152308024798,447.3994622895572,21.15181936121707,4.473994622895573,6.150298799901466,13.746772891561923,19.294772891561927,19.294772891561923,-3.552713678800501e-15
cross_light,1.75,0.05,0.05,2.8659839825988622,True,5003.740495558938,268.3589511554373,16.381665091053392,13.417947557771866,3.1008267340188373,11.554772891561923,19.294772891561923,19.294772891561923,0.0
cross_nominal,1.75,0.05,0.05,2.8659839825988622,True,7047.136038967698,377.94966340591645,19.44092753460895,18.897483170295825,4.367122525097637,11.554772891561923,19.294772891561923,19.294772891561923,0.0
perimeter_nominal,1.75,0.05,0.05,2.8659839825988622,True,11276.339570074413,604.7689048989532,24.592049627856422,30.238445244947663,6.987967347986015,11.554772891561923,19.294772891561923,19.294772891561923,0.0
cross_light,1.75,0.1,0.1,5.739170477266787,True,16049.196082115912,430.37258140257296,20.74542314349295,43.0372581402573,3.7936365638189273,8.814772891561923,19.294772891561923,19.294772891561923,0.0
cross_nominal,1.75,0.1,0.1,5.739170477266787,True,22046.236315396174,591.1882180716243,24.31436238258417,59.11882180716243,5.211189878468553,8.814772891561923,19.294772891561927,19.294772891561923,-3.552713678800501e-15
perimeter_nominal,1.75,0.1,0.1,5.739170477266787,True,36424.57219205968,976.7552892103721,31.253084475142163,97.67552892103721,8.609876045021315,8.814772891561923,19.29477289156192,19.294772891561923,3.552713678800501e-15
cross_light,1.75,0.25,0.25,14.477512185929925,True,6798672.638164331,72924.83133552862,270.04598003956403,18231.207833882156,43.37371280009806,0.5947728915619254,19.294772891561923,19.294772891561923,0.0
cross_nominal,1.75,0.25,0.25,14.477512185929925,True,8216018.696942045,88127.75810982741,296.8631976345795,22031.939527456852,52.41600151785197,0.5947728915619254,19.294772891561923,19.294772891561923,0.0
perimeter_nominal,1.75,0.25,0.25,14.477512185929925,True,15936797.545754215,170943.4083542502,413.4530304088364,42735.85208856255,101.67250528030839,0.5947728915619254,19.294772891561927,19.294772891561923,-3.552713678800501e-15
cross_light,1.75,0.5,0.5,29.999999999999996,False,,,,,,,,,
cross_nominal,1.75,0.5,0.5,29.999999999999996,False,,,,,,,,,
perimeter_nominal,1.75,0.5,0.5,29.999999999999996,False,,,,,,,,,
cross_light,2.0,0.01,0.01,0.5729673448571527,True,1034.3177987020874,277.36094614363833,16.654157022906872,2.7736094614363833,3.1440887771157886,11.335729924599923,16.883729924599923,16.883729924599923,0.0
cross_nominal,2.0,0.01,0.01,0.5729673448571527,True,1454.06650845866,389.92006426646896,19.746393702812394,3.8992006426646895,4.420028540707337,11.335729924599923,16.883729924599926,16.883729924599923,-3.552713678800501e-15
perimeter_nominal,2.0,0.01,0.01,0.5729673448571527,True,2332.136191368252,625.3817747170264,25.00763432868104,6.253817747170264,7.089158897959203,11.335729924599923,16.883729924599923,16.883729924599923,0.0
cross_light,2.0,0.05,0.05,2.8659839825988622,True,7522.306108964809,403.4338270467082,20.085662225744716,20.17169135233541,3.6888899569628553,9.143729924599922,16.883729924599923,16.883729924599923,0.0
cross_nominal,2.0,0.05,0.05,2.8659839825988622,True,10367.097766470848,556.0047499675983,23.579752966636402,27.800237498379914,5.083957270498425,9.143729924599922,16.883729924599923,16.883729924599923,0.0
perimeter_nominal,2.0,0.05,0.05,2.8659839825988622,True,17056.69408440331,914.7789616052657,30.24531305186418,45.73894808026329,8.364491765624512,9.143729924599922,16.883729924599923,16.883729924599923,0.0
cross_light,2.0,0.1,0.1,5.739170477266787,True,28447.200430720623,762.8354105965617,27.61947520494482,76.28354105965617,4.884991946381671,6.403729924599923,16.883729924599923,16.883729924599923,0.0
cross_nominal,2.0,0.1,0.1,5.739170477266787,True,38034.037489093185,1019.9144437884653,31.936099382806056,101.99144437884654,6.531256644219881,6.403729924599923,16.883729924599923,16.883729924599923,0.0
perimeter_nominal,2.0,0.1,0.1,5.739170477266787,True,65040.685572094015,1744.120241452292,41.762665641123675,174.41202414522922,11.168874982288486,6.403729924599923,16.883729924599923,16.883729924599923,0.0
cross_light,2.0,0.25,0.25,14.477512185929925,False,,,,,,,,,
cross_nominal,2.0,0.25,0.25,14.477512185929925,False,,,,,,,,,
perimeter_nominal,2.0,0.25,0.25,14.477512185929925,False,,,,,,,,,
cross_light,2.0,0.5,0.5,29.999999999999996,False,,,,,,,,,
cross_nominal,2.0,0.5,0.5,29.999999999999996,False,,,,,,,,,
perimeter_nominal,2.0,0.5,0.5,29.999999999999996,False,,,,,,,,,
